Organisation Unit Number,Organisation Unit Name,Organisation Unit Description,Organisation Unit Level,Superior Org Unit Number,Organisation Unit Level 01,Organisation Unit Level 02,Organisation Unit Level 03,Organisation Unit Level 04,Organisation Unit Level 05,Organisation Unit Level 06
1,AEC,Australian Electoral Commission,1,,AEC,,,,,
2,Board,Board,2,1,AEC,Board,,,,
3,Deputy Office,Deputy Office,2,1,AEC,Deputy Office,,,,
4,Capability,Capability,3,3,AEC,Deputy Office,Capability,,,
15,Legal & Procurement,Legal and Procurement,4,3,AEC,Deputy Office,,Legal & Procurement,,
411,Network and Elect Ops,Network and Election Operations,3,3,AEC,Deputy Office,Network and Elect Ops,,,
423,Corporate Services,Corporate Services,4,4,AEC,Deputy Office,Capability,Corporate Services,,
425,CFO and Resource Mngmnt,CFO and Resource Management,5,423,AEC,Deputy Office,Capability,Corporate Services,CFO and Resource Mngmnt,
426,Election Workforce System,Election Workforce and Systems,5,423,AEC,Deputy Office,Capability,Corporate Services,Election Workforce System,
427,Financial Management,Financial Management,5,423,AEC,Deputy Office,Capability,Corporate Services,Financial Management,
428,People Services,People Services,5,423,AEC,Deputy Office,Capability,Corporate Services,People Services,
430,Industrial Relations,Industrial Relations,6,428,AEC,Deputy Office,Capability,Corporate Services,People Services,Industrial Relations
433,Property Management,Property Management,6,425,AEC,Deputy Office,Capability,Corporate Services,CFO and Resource Mngmnt,Property Management
434,Resource Management,Resource Management,6,425,AEC,Deputy Office,Capability,Corporate Services,CFO and Resource Mngmnt,Resource Management
435,Election Prep and Report,Election Preparation and Reporting,6,426,AEC,Deputy Office,Capability,Corporate Services,Election Workforce System,Election Prep and Report
436,HR and Election Systems,HR and Election Systems,6,426,AEC,Deputy Office,Capability,Corporate Services,Election Workforce System,HR and Election Systems
437,Temp Election Workforce,Temporary Election Workforce,6,426,AEC,Deputy Office,Capability,Corporate Services,Election Workforce System,Temp Election Workforce
438,Budgets and Policy,Budgets and Policy,6,427,AEC,Deputy Office,Capability,Corporate Services,Financial Management,Budgets and Policy
439,Financial Reporting,Financial Reporting,6,427,AEC,Deputy Office,Capability,Corporate Services,Financial Management,Financial Reporting
440,Recruitment and Separatio,Recruitment and Separation,6,428,AEC,Deputy Office,Capability,Corporate Services,People Services,Recruitment and Separatio
441,Workplace Hlth and Strat,Workplace Health and Strategy,6,428,AEC,Deputy Office,Capability,Corporate Services,People Services,Workplace Hlth and Strat
442,People Perform and Integ,People Performance and Integrity,6,428,AEC,Deputy Office,Capability,Corporate Services,People Services,People Perform and Integ
443,Security Place and People,Security Place and People,6,425,AEC,Deputy Office,Capability,Corporate Services,CFO and Resource Mngmnt,Security Place and People
445,International Services,International Services,5,3,AEC,Deputy Office,,,International Services,
447,Electoral Authorisation,Electoral Authorisation,5,15,AEC,Deputy Office,,Legal & Procurement,Electoral Authorisation,
448,Commerc Law & Procurement,Commercial Law and Procurement,5,15,AEC,Deputy Office,,Legal & Procurement,Commerc Law & Procurement,
449,Legal Services,Legal Services,5,15,AEC,Deputy Office,,Legal & Procurement,Legal Services,
450,ICT,Information Communications Technology,4,4,AEC,Deputy Office,Capability,ICT,,
451,Info Mgmt and Digit Comms,Information Management and Digital Communications,5,450,AEC,Deputy Office,Capability,ICT,Info Mgmt and Digit Comms,
452,"Engr, Infra and Ops","Engineering, Infrastructure and Operations",5,450,AEC,Deputy Office,Capability,ICT,"Engr, Infra and Ops",
453,"Info Sec, Govern and Assu","Information Security, Governance and Assurance",5,450,AEC,Deputy Office,Capability,ICT,"Info Sec, Govern and Assu",
454,Architecture & Modernisat,Architecture and Modernisation,5,450,AEC,Deputy Office,Capability,ICT,Architecture & Modernisat,
455,IT Solutions,IT Solutions,5,450,AEC,Deputy Office,Capability,ICT,IT Solutions,
456,Dig Develop and Mgmt,Digital Development and Management,6,451,AEC,Deputy Office,Capability,ICT,Info Mgmt and Digit Comms,Dig Develop and Mgmt
457,Info and Knowledge Mgmt,Information and Knowledge Management,6,451,AEC,Deputy Office,Capability,ICT,Info Mgmt and Digit Comms,Info and Knowledge Mgmt
459,Prod and Design Comms,Production and Design Communications,6,451,AEC,Deputy Office,Capability,ICT,Info Mgmt and Digit Comms,Prod and Design Comms
460,Infrastructure,Infrastructure,6,452,AEC,Deputy Office,Capability,ICT,"Engr, Infra and Ops",Infrastructure
461,Service Operations,Service Operations,6,452,AEC,Deputy Office,Capability,ICT,"Engr, Infra and Ops",Service Operations
462,Database Administration,Database Administration,6,452,AEC,Deputy Office,Capability,ICT,"Engr, Infra and Ops",Database Administration
463,IT Security,IT Security,6,453,AEC,Deputy Office,Capability,ICT,"Info Sec, Govern and Assu",IT Security
465,ICT Governance and Assur,ICT Governance and Assurance,6,453,AEC,Deputy Office,Capability,ICT,"Info Sec, Govern and Assu",ICT Governance and Assur
468,ICT Contracts and Procure,ICT Contracts and Procurement,6,453,AEC,Deputy Office,Capability,ICT,"Info Sec, Govern and Assu",ICT Contracts and Procure
472,Mainframe,Mainframe,6,455,AEC,Deputy Office,Capability,ICT,IT Solutions,Mainframe
473,Java,Java,6,455,AEC,Deputy Office,Capability,ICT,IT Solutions,Java
474,.Net,.Net,6,455,AEC,Deputy Office,Capability,ICT,IT Solutions,.Net
475,Midrange,Midrange,6,455,AEC,Deputy Office,Capability,ICT,IT Solutions,Midrange
478,Roll Manage & Community,Roll Management and Community Engagement,4,411,AEC,Deputy Office,Network and Elect Ops,Roll Manage & Community,,
479,Roll Program and Communit,Roll Program and Community Engagement,5,478,AEC,Deputy Office,Network and Elect Ops,Roll Manage & Community,Roll Program and Communit,
480,National Enrolment Servic,National Enrolment Services,5,478,AEC,Deputy Office,Network and Elect Ops,Roll Manage & Community,National Enrolment Servic,
481,Redistribution,Redistribution,5,478,AEC,Deputy Office,Network and Elect Ops,Roll Manage & Community,Redistribution,
488,Elections,Elections,4,411,AEC,Deputy Office,Network and Elect Ops,Elections,,
489,Election Design & Plan,Election Design & Planning,5,488,AEC,Deputy Office,Network and Elect Ops,Elections,Election Design & Plan,
490,Voter Services,Voter Services,5,488,AEC,Deputy Office,Network and Elect Ops,Elections,Voter Services,
491,Event Management,Event Management,5,488,AEC,Deputy Office,Network and Elect Ops,Elections,Event Management,
502,Disclosure Assur & Engag,Disclosure Assurance and Engagement,4,4,AEC,Deputy Office,Capability,Disclosure Assur & Engag,,
503,Parliamentary & Party Reg,Parliamentary and Party Registration,5,502,AEC,Deputy Office,Capability,Disclosure Assur & Engag,Parliamentary & Party Reg,
504,Disclosure and Compliance,Disclosure and Compliance,5,502,AEC,Deputy Office,Capability,Disclosure Assur & Engag,Disclosure and Compliance,
505,Communications,Communications,5,502,AEC,Deputy Office,Capability,Disclosure Assur & Engag,Communications,
506,Risk and Assurance,Risk and Assurance,5,502,AEC,Deputy Office,Capability,Disclosure Assur & Engag,Risk and Assurance,
507,Operations,Operations,4,411,AEC,Deputy Office,Network and Elect Ops,Operations,,
508,Systems Deliv and Modern,Systems Delivery and Modernisation,5,507,AEC,Deputy Office,Network and Elect Ops,Operations,Systems Deliv and Modern,
509,Bus Intel Res & Elec Int,Business Intelligence Research & Electoral Integ,5,507,AEC,Deputy Office,Network and Elect Ops,Operations,Bus Intel Res & Elec Int,
510,Ops Capability and Coord,Operations Capability and Coordination,5,507,AEC,Deputy Office,Network and Elect Ops,Operations,Ops Capability and Coord,
511,Nat Training & Education,National Training and Education Unit,5,3,AEC,Deputy Office,,,Nat Training & Education,
512,Special Positions,Special Positions,5,3,AEC,Deputy Office,,,Special Positions,
513,Special Positions,Special Positions,5,502,AEC,Deputy Office,Capability,Disclosure Assur & Engag,Special Positions,
514,Special Positions,Special Positions,5,478,AEC,Deputy Office,Network and Elect Ops,Roll Manage & Community,Special Positions,
515,Special Positions,Special Positions,5,488,AEC,Deputy Office,Network and Elect Ops,Elections,Special Positions,
516,New South Wales,New South Wales,4,411,AEC,Deputy Office,Network and Elect Ops,New South Wales,,
517,State Office,State Office,5,516,AEC,Deputy Office,Network and Elect Ops,New South Wales,State Office,
518,Operations,Operations,5,516,AEC,Deputy Office,Network and Elect Ops,New South Wales,Operations,
519,Victoria,Victoria,4,411,AEC,Deputy Office,Network and Elect Ops,Victoria,,
520,State Office,State Office,5,519,AEC,Deputy Office,Network and Elect Ops,Victoria,State Office,
521,Operations,Operations,5,519,AEC,Deputy Office,Network and Elect Ops,Victoria,Operations,
522,Queensland,Queensland,4,411,AEC,Deputy Office,Network and Elect Ops,Queensland,,
523,State Office,State Office,5,522,AEC,Deputy Office,Network and Elect Ops,Queensland,State Office,
524,Operations,Operations,5,522,AEC,Deputy Office,Network and Elect Ops,Queensland,Operations,
525,Western Australia,Western Australia,4,411,AEC,Deputy Office,Network and Elect Ops,Western Australia,,
526,Operations,Operations,5,525,AEC,Deputy Office,Network and Elect Ops,Western Australia,Operations,
527,South Australia,South Australia,4,411,AEC,Deputy Office,Network and Elect Ops,South Australia,,
528,Operations,Operations,5,527,AEC,Deputy Office,Network and Elect Ops,South Australia,Operations,
529,Tasmania,Tasmania,4,411,AEC,Deputy Office,Network and Elect Ops,Tasmania,,
530,Operations,Operations,5,529,AEC,Deputy Office,Network and Elect Ops,Tasmania,Operations,
531,ICE and IEPP,ICE and IEPP,5,516,AEC,Deputy Office,Network and Elect Ops,New South Wales,ICE and IEPP,
532,ICE and IEPP,ICE and IEPP,5,519,AEC,Deputy Office,Network and Elect Ops,Victoria,ICE and IEPP,
533,ICE and IEPP,ICE and IEPP,5,522,AEC,Deputy Office,Network and Elect Ops,Queensland,ICE and IEPP,
534,ICE and IEPP,ICE and IEPP,5,525,AEC,Deputy Office,Network and Elect Ops,Western Australia,ICE and IEPP,
535,ICE and IEPP,ICE and IEPP,5,527,AEC,Deputy Office,Network and Elect Ops,South Australia,ICE and IEPP,
536,ICE and IEPP,ICE and IEPP,5,529,AEC,Deputy Office,Network and Elect Ops,Tasmania,ICE and IEPP,
537,Special Positions,Special Positions,5,516,AEC,Deputy Office,Network and Elect Ops,New South Wales,Special Positions,
538,Special Positions,Special Positions,5,519,AEC,Deputy Office,Network and Elect Ops,Victoria,Special Positions,
539,Special Positions,Special Positions,5,522,AEC,Deputy Office,Network and Elect Ops,Queensland,Special Positions,
540,Special Positions,Special Positions,5,525,AEC,Deputy Office,Network and Elect Ops,Western Australia,Special Positions,
541,Special Positions,Special Positions,5,527,AEC,Deputy Office,Network and Elect Ops,South Australia,Special Positions,
542,Special Positions,Special Positions,5,529,AEC,Deputy Office,Network and Elect Ops,Tasmania,Special Positions,
543,Special Positions,Special Positions,5,450,AEC,Deputy Office,Capability,ICT,Special Positions,
544,Special Positions,Special Positions,5,423,AEC,Deputy Office,Capability,Corporate Services,Special Positions,
545,Special Positions,Special Positions,5,507,AEC,Deputy Office,Network and Elect Ops,Operations,Special Positions,
546,Northern Territory,Northern Territory,4,411,AEC,Deputy Office,Network and Elect Ops,Northern Territory,,
547,ICT Programs,ICT Programs,5,450,AEC,Deputy Office,Capability,ICT,ICT Programs,
548,Operations,Operations,5,546,AEC,Deputy Office,Network and Elect Ops,Northern Territory,Operations,
549,Special Positions,Special Positions,5,546,AEC,Deputy Office,Network and Elect Ops,Northern Territory,Special Positions,
550,Division of Solomon,Division of Solomon,6,548,AEC,Deputy Office,Network and Elect Ops,Northern Territory,Operations,Division of Solomon
551,Division of Lingiari,Division of Lingiari,6,548,AEC,Deputy Office,Network and Elect Ops,Northern Territory,Operations,Division of Lingiari
553,Doctrine and Lessons Mgmt,Doctrine and Lessons Management,5,3,AEC,Deputy Office,,,Doctrine and Lessons Mgmt,
554,Special Positions,Special Positions,4,411,AEC,Deputy Office,Network and Elect Ops,Special Positions,,
555,Division of Farrer,Division of Farrer,6,518,AEC,Deputy Office,Network and Elect Ops,New South Wales,Operations,Division of Farrer
556,Division of New England,Division of New England,6,518,AEC,Deputy Office,Network and Elect Ops,New South Wales,Operations,Division of New England
557,Division of Parkes,Division of Parkes,6,518,AEC,Deputy Office,Network and Elect Ops,New South Wales,Operations,Division of Parkes
558,Division of Hume,Division of Hume,6,518,AEC,Deputy Office,Network and Elect Ops,New South Wales,Operations,Division of Hume
559,Division of Riverina,Division of Riverina,6,518,AEC,Deputy Office,Network and Elect Ops,New South Wales,Operations,Division of Riverina
560,Division of Calare,Division of Calare,6,518,AEC,Deputy Office,Network and Elect Ops,New South Wales,Operations,Division of Calare
561,Division of Lyne,Division of Lyne,6,518,AEC,Deputy Office,Network and Elect Ops,New South Wales,Operations,Division of Lyne
562,Division of Cowper,Division of Cowper,6,518,AEC,Deputy Office,Network and Elect Ops,New South Wales,Operations,Division of Cowper
563,Division of Eden-Monaro,Division of Eden-Monaro,6,518,AEC,Deputy Office,Network and Elect Ops,New South Wales,Operations,Division of Eden-Monaro
564,Division of Robertson,Division of Robertson,6,518,AEC,Deputy Office,Network and Elect Ops,New South Wales,Operations,Division of Robertson
565,Division of Page,Division of Page,6,518,AEC,Deputy Office,Network and Elect Ops,New South Wales,Operations,Division of Page
566,Division of Banks,Division of Banks,6,518,AEC,Deputy Office,Network and Elect Ops,New South Wales,Operations,Division of Banks
567,Division of Warringah,Division of Warringah,6,518,AEC,Deputy Office,Network and Elect Ops,New South Wales,Operations,Division of Warringah
568,Division of Mackellar,Division of Mackellar,6,518,AEC,Deputy Office,Network and Elect Ops,New South Wales,Operations,Division of Mackellar
569,Division of Barton,Division of Barton,6,518,AEC,Deputy Office,Network and Elect Ops,New South Wales,Operations,Division of Barton
570,Division of Richmond,Division of Richmond,6,518,AEC,Deputy Office,Network and Elect Ops,New South Wales,Operations,Division of Richmond
571,Division of Dobell,Division of Dobell,6,518,AEC,Deputy Office,Network and Elect Ops,New South Wales,Operations,Division of Dobell
572,LWU of Campbelltown,Larger Working Unit of Campbelltown,6,518,AEC,Deputy Office,Network and Elect Ops,New South Wales,Operations,LWU of Campbelltown
573,LWU of Charlestown,Larger Working Unit of Charlestown,6,518,AEC,Deputy Office,Network and Elect Ops,New South Wales,Operations,LWU of Charlestown
574,LWU of East Maitland,Larger Working Unit of East Maitland,6,518,AEC,Deputy Office,Network and Elect Ops,New South Wales,Operations,LWU of East Maitland
575,LWU of Miranda,Larger Working Unit of Miranda,6,518,AEC,Deputy Office,Network and Elect Ops,New South Wales,Operations,LWU of Miranda
576,LWU of Wollongong,Larger Working Unit of Wollongong,6,518,AEC,Deputy Office,Network and Elect Ops,New South Wales,Operations,LWU of Wollongong
577,LWU of Canberra City,Larger Working Unit of Canberra City,6,518,AEC,Deputy Office,Network and Elect Ops,New South Wales,Operations,LWU of Canberra City
578,LWU of Parramatta North,Larger Working Unit of Parramatta North,6,518,AEC,Deputy Office,Network and Elect Ops,New South Wales,Operations,LWU of Parramatta North
579,LWU of Chatswood,Larger Working Unit of Chatswood,6,518,AEC,Deputy Office,Network and Elect Ops,New South Wales,Operations,LWU of Chatswood
580,LWU of Haymarket,Larger Working Unit of Haymarket,6,518,AEC,Deputy Office,Network and Elect Ops,New South Wales,Operations,LWU of Haymarket
581,LWU of Penrith,Larger Working Unit of Penrith,6,518,AEC,Deputy Office,Network and Elect Ops,New South Wales,Operations,LWU of Penrith
582,LWU of Parramatta South,Larger Working Unit of Parramatta South,6,518,AEC,Deputy Office,Network and Elect Ops,New South Wales,Operations,LWU of Parramatta South
583,Special Positions,Special Positions,4,4,AEC,Deputy Office,Capability,Special Positions,,
585,Division of Durack,Division of Durack,6,526,AEC,Deputy Office,Network and Elect Ops,Western Australia,Operations,Division of Durack
586,Division of Forrest,Division of Forrest,6,526,AEC,Deputy Office,Network and Elect Ops,Western Australia,Operations,Division of Forrest
587,Division of O'Connor,Division of O'Connor,6,526,AEC,Deputy Office,Network and Elect Ops,Western Australia,Operations,Division of O'Connor
588,LWU of Perth North,Larger Working Unit of Perth North,6,526,AEC,Deputy Office,Network and Elect Ops,Western Australia,Operations,LWU of Perth North
589,LWU of Perth South,Larger Working Unit of Perth South,6,526,AEC,Deputy Office,Network and Elect Ops,Western Australia,Operations,LWU of Perth South
590,LWU of Joondalup,Larger Working Unit of Joondalup,6,526,AEC,Deputy Office,Network and Elect Ops,Western Australia,Operations,LWU of Joondalup
591,LWU of Cockburn,Larger Working Unit of Cockburn,6,526,AEC,Deputy Office,Network and Elect Ops,Western Australia,Operations,LWU of Cockburn
592,Division of Capricornia,Division of Capricornia,6,524,AEC,Deputy Office,Network and Elect Ops,Queensland,Operations,Division of Capricornia
593,Division of Dawson,Division of Dawson,6,524,AEC,Deputy Office,Network and Elect Ops,Queensland,Operations,Division of Dawson
594,Division of Flynn,Division of Flynn,6,524,AEC,Deputy Office,Network and Elect Ops,Queensland,Operations,Division of Flynn
595,Division of Groom,Division of Groom,6,524,AEC,Deputy Office,Network and Elect Ops,Queensland,Operations,Division of Groom
596,Division of Herbert,Division of Herbert,6,524,AEC,Deputy Office,Network and Elect Ops,Queensland,Operations,Division of Herbert
597,Division of Hinkler,Division of Hinkler,6,524,AEC,Deputy Office,Network and Elect Ops,Queensland,Operations,Division of Hinkler
598,Division of Kennedy,Division of Kennedy,6,524,AEC,Deputy Office,Network and Elect Ops,Queensland,Operations,Division of Kennedy
599,Division of Leichhardt,Division of Leichhardt,6,524,AEC,Deputy Office,Network and Elect Ops,Queensland,Operations,Division of Leichhardt
600,Division of Maranoa,Division of Maranoa,6,524,AEC,Deputy Office,Network and Elect Ops,Queensland,Operations,Division of Maranoa
601,Division of Wide Bay,Division of Wide Bay,6,524,AEC,Deputy Office,Network and Elect Ops,Queensland,Operations,Division of Wide Bay
602,LWU of Sunshine Coast,Larger Working Unit of Sunshine Coast,6,524,AEC,Deputy Office,Network and Elect Ops,Queensland,Operations,LWU of Sunshine Coast
603,LWU of Brisbane Metro Sth,Larger Working Unit of Brisbane Metro South,6,524,AEC,Deputy Office,Network and Elect Ops,Queensland,Operations,LWU of Brisbane Metro Sth
604,LWU of Beenleigh,Larger Working Unit of Beenleigh,6,524,AEC,Deputy Office,Network and Elect Ops,Queensland,Operations,LWU of Beenleigh
605,LWU of Ipswich,Larger Working Unit of Ipswich,6,524,AEC,Deputy Office,Network and Elect Ops,Queensland,Operations,LWU of Ipswich
606,LWU of Northlakes,Larger Working Unit of Northlakes,6,524,AEC,Deputy Office,Network and Elect Ops,Queensland,Operations,LWU of Northlakes
607,LWU of Gold Coast,Larger Working Unit of Gold Coast,6,524,AEC,Deputy Office,Network and Elect Ops,Queensland,Operations,LWU of Gold Coast
608,LWU of Brisbane Metro Nth,Larger Working Unit of Brisbane Metro North,6,524,AEC,Deputy Office,Network and Elect Ops,Queensland,Operations,LWU of Brisbane Metro Nth
609,Division of Aston,Division of Aston,6,521,AEC,Deputy Office,Network and Elect Ops,Victoria,Operations,Division of Aston
610,Division of Ballarat,Division of Ballarat,6,521,AEC,Deputy Office,Network and Elect Ops,Victoria,Operations,Division of Ballarat
611,Division of Bendigo,Division of Bendigo,6,521,AEC,Deputy Office,Network and Elect Ops,Victoria,Operations,Division of Bendigo
612,Division of Bruce,Division of Bruce,6,521,AEC,Deputy Office,Network and Elect Ops,Victoria,Operations,Division of Bruce
613,Division of Corangamite,Division of Corangamite,6,521,AEC,Deputy Office,Network and Elect Ops,Victoria,Operations,Division of Corangamite
614,Division of Corio,Division of Corio,6,521,AEC,Deputy Office,Network and Elect Ops,Victoria,Operations,Division of Corio
615,Division of Dunkley,Division of Dunkley,6,521,AEC,Deputy Office,Network and Elect Ops,Victoria,Operations,Division of Dunkley
616,Division of Flinders,Division of Flinders,6,521,AEC,Deputy Office,Network and Elect Ops,Victoria,Operations,Division of Flinders
617,Division of Gippsland,Division of Gippsland,6,521,AEC,Deputy Office,Network and Elect Ops,Victoria,Operations,Division of Gippsland
619,Division of Holt,Division of Holt,6,521,AEC,Deputy Office,Network and Elect Ops,Victoria,Operations,Division of Holt
621,Division of Indi,Division of Indi,6,521,AEC,Deputy Office,Network and Elect Ops,Victoria,Operations,Division of Indi
623,Division of Jagajaga,Division of Jagajaga,6,521,AEC,Deputy Office,Network and Elect Ops,Victoria,Operations,Division of Jagajaga
624,Division of Lalor,Division of Lalor,6,521,AEC,Deputy Office,Network and Elect Ops,Victoria,Operations,Division of Lalor
625,Division of La Trobe,Division of La Trobe,6,521,AEC,Deputy Office,Network and Elect Ops,Victoria,Operations,Division of La Trobe
626,Division of McEwen,Division of McEwen,6,521,AEC,Deputy Office,Network and Elect Ops,Victoria,Operations,Division of McEwen
627,Division of Mallee,Division of Mallee,6,521,AEC,Deputy Office,Network and Elect Ops,Victoria,Operations,Division of Mallee
628,Division of Monash,Division of Monash,6,521,AEC,Deputy Office,Network and Elect Ops,Victoria,Operations,Division of Monash
629,Division of Nicholls,Division of Nicholls,6,521,AEC,Deputy Office,Network and Elect Ops,Victoria,Operations,Division of Nicholls
630,Division of Scullin,Division of Scullin,6,521,AEC,Deputy Office,Network and Elect Ops,Victoria,Operations,Division of Scullin
631,Division of Wannon,Division of Wannon,6,521,AEC,Deputy Office,Network and Elect Ops,Victoria,Operations,Division of Wannon
632,LWU of Camberwell,Larger Working Unit of Camberwell,6,521,AEC,Deputy Office,Network and Elect Ops,Victoria,Operations,LWU of Camberwell
633,LWU of Braybrook,Larger Working Unit of Braybrook,6,521,AEC,Deputy Office,Network and Elect Ops,Victoria,Operations,LWU of Braybrook
634,LWU of Melbourne,Larger Working Unit of Melbourne,6,521,AEC,Deputy Office,Network and Elect Ops,Victoria,Operations,LWU of Melbourne
635,LWU of Moorabbin,Larger Working Unit of Moorabbin,6,521,AEC,Deputy Office,Network and Elect Ops,Victoria,Operations,LWU of Moorabbin
636,LWU of Ringwood,Larger Working Unit of Ringwood,6,521,AEC,Deputy Office,Network and Elect Ops,Victoria,Operations,LWU of Ringwood
637,LWU of Essendon Fields,Larger Working Unit of Essendon Fields,6,521,AEC,Deputy Office,Network and Elect Ops,Victoria,Operations,LWU of Essendon Fields
638,Division of Grey,Division of Grey,6,528,AEC,Deputy Office,Network and Elect Ops,South Australia,Operations,Division of Grey
639,Division of Barker,Division of Barker,6,528,AEC,Deputy Office,Network and Elect Ops,South Australia,Operations,Division of Barker
640,LWU of Northern Divisions,Larger Working Unit of Northern Divisions,6,528,AEC,Deputy Office,Network and Elect Ops,South Australia,Operations,LWU of Northern Divisions
641,LWU of Southern Divisions,Larger Working Unit of Southern Divisions,6,528,AEC,Deputy Office,Network and Elect Ops,South Australia,Operations,LWU of Southern Divisions
642,Division of Braddon,Division of Braddon,6,530,AEC,Deputy Office,Network and Elect Ops,Tasmania,Operations,Division of Braddon
643,LWU of Hobart,Larger Working Unit of Hobart,6,530,AEC,Deputy Office,Network and Elect Ops,Tasmania,Operations,LWU of Hobart
644,LWU of Launceston,Larger Working Unit of Launceston,6,530,AEC,Deputy Office,Network and Elect Ops,Tasmania,Operations,LWU of Launceston
645,Supply Chain Management,Supply Chain Management,5,488,AEC,Deputy Office,Network and Elect Ops,Elections,Supply Chain Management,
646,Elect Systems Modern,Election Systems Modernisation,4,411,AEC,Deputy Office,Network and Elect Ops,Elect Systems Modern,,
647,Project Management Office,Project Management Office,5,646,AEC,Deputy Office,Network and Elect Ops,Elect Systems Modern,Project Management Office,
648,Systems Delivery,Systems Delivery,5,646,AEC,Deputy Office,Network and Elect Ops,Elect Systems Modern,Systems Delivery,
649,User Experience,User Experience,5,646,AEC,Deputy Office,Network and Elect Ops,Elect Systems Modern,User Experience,
650,Strategic Advisor,Strategic Advisor,5,646,AEC,Deputy Office,Network and Elect Ops,Elect Systems Modern,Strategic Advisor,
651,Procurement and Contract,Procurement and Contracting,5,646,AEC,Deputy Office,Network and Elect Ops,Elect Systems Modern,Procurement and Contract,
