PropertyName,DisplayName,Privacy,PrivacyPolicy,Type,Length,ConnectionName,AttributeName,IsMultivalued,remove,create
LocationBuilding,Location Building,Public,OptOut,string,200,,,false,false,true
LocationFloor,Location Floor,Public,OptOut,string,200,,,false,false,true
LocationWorkstation,Location Workstation,Public,OptOut,string,200,,,false,false,true
LocationImage,Location Image,Public,OptOut,string,200,,,false,false,true
LocationX,Location X,Public,OptOut,integer,,,,false,false,true
LocationY,Location Y,Public,OptOut,integer,,,,false,false,true