<?xml version="1.0"?>
<pnp:Provisioning xmlns:pnp="http://schemas.dev.office.com/PnP/2020/02/ProvisioningSchema">
  <pnp:Preferences Generator="OfficeDevPnP.Core, Version=3.22.2006.2, Culture=neutral, PublicKeyToken=5e633289e95c321a" />
  <pnp:Templates ID="CONTAINER-TEMPLATE-3F6B96C377BE49FDACA10FF732BEFA78">
    <pnp:ProvisioningTemplate ID="TEMPLATE-3F6B96C377BE49FDACA10FF732BEFA78" Version="1" BaseSiteTemplate="SITEPAGEPUBLISHING#0" Scope="RootSite">
      <pnp:Files>
        <pnp:File Src="aecPalette.spcolor" Folder="{themecatalog}/15" Overwrite="true" Level="Draft" />
      </pnp:Files>
      <pnp:ComposedLook Name="AEC Theme" ColorFile="{themecatalog}/15/aecPalette.spcolor" FontFile="" BackgroundFile="" Version="0" />
    </pnp:ProvisioningTemplate>
  </pnp:Templates>
</pnp:Provisioning>